color,furniture,vibe,space,material,style
White,Minimalist,Energetic,Bedroom,Glass,Boho
Earthy,Rustic,Cozy,Bedroom,Fabric,Boho
Monochrome,Minimalist,Luxurious,Workspace,Glass,Luxury Minimalist
Pastel,Minimalist,Luxurious,Bedroom,Fabric,Scandinavian
Pastel,Minimalist,Calm,Balcony,Glass,Modern Minimalist
Monochrome,Rustic,Luxurious,Kitchen,Wood,Minimalist
Pastel,Minimalist,Calm,Balcony,Wood,Modern Minimalist
Pastel,Rustic,Calm,Workspace,Glass,Minimalist
Bold,Modern,Energetic,Living Room,Metal,Urban
Bold,Vintage,Cozy,Balcony,Wood,Boho
Monochrome,Industrial,Energetic,Kitchen,Metal,Minimalist
White,Modern,Calm,Kitchen,Stone,Clean Modern
Bold,Rustic,Calm,Kitchen,Fabric,Minimalist
White,Vintage,Luxurious,Workspace,Stone,Boho
Earthy,Vintage,Calm,Workspace,Glass,Boho
Earthy,Rustic,Cozy,Living Room,Stone,Rustic
White,Vintage,Cozy,Bedroom,Stone,Boho
Monochrome,Minimalist,Energetic,Kitchen,Wood,Minimalist
White,Rustic,Calm,Living Room,Glass,Minimalist
Monochrome,Industrial,Cozy,Kitchen,Glass,Boho
Earthy,Minimalist,Cozy,Balcony,Stone,Boho
Earthy,Rustic,Cozy,Kitchen,Wood,Farmhouse
Bold,Rustic,Energetic,Living Room,Metal,Minimalist
Monochrome,Modern,Luxurious,Balcony,Wood,Minimalist
Pastel,Vintage,Luxurious,Kitchen,Stone,Boho
Monochrome,Minimalist,Luxurious,Workspace,Glass,Luxury Minimalist
White,Minimalist,Luxurious,Workspace,Glass,Minimalist
Bold,Modern,Creative,Workspace,Wood,Minimalist
Earthy,Rustic,Creative,Workspace,Wood,Rustic
Earthy,Vintage,Cozy,Kitchen,Fabric,Boho
Earthy,Rustic,Creative,Kitchen,Wood,Farmhouse
Pastel,Vintage,Luxurious,Living Room,Metal,Boho
Bold,Industrial,Creative,Balcony,Metal,Industrial Chic
Monochrome,Rustic,Cozy,Living Room,Glass,Rustic
Monochrome,Vintage,Luxurious,Living Room,Wood,Minimalist
White,Vintage,Creative,Workspace,Fabric,Boho
Bold,Industrial,Cozy,Living Room,Metal,Boho
Monochrome,Industrial,Creative,Workspace,Wood,Industrial
Earthy,Rustic,Cozy,Workspace,Glass,Boho
Pastel,Rustic,Cozy,Bedroom,Fabric,Shabby Chic
Earthy,Industrial,Cozy,Kitchen,Glass,Boho
Earthy,Rustic,Cozy,Bedroom,Wood,Boho
White,Modern,Calm,Balcony,Fabric,Minimalist
White,Modern,Calm,Living Room,Stone,Minimalist
Bold,Industrial,Cozy,Kitchen,Wood,Rustic
Bold,Industrial,Creative,Balcony,Metal,Industrial Chic
White,Modern,Creative,Living Room,Metal,Minimalist
Earthy,Modern,Calm,Bedroom,Wood,Boho
Bold,Rustic,Creative,Balcony,Stone,Minimalist
Monochrome,Modern,Energetic,Kitchen,Wood,Minimalist
White,Modern,Calm,Kitchen,Stone,Clean Modern
Bold,Vintage,Luxurious,Bedroom,Fabric,Glam
Monochrome,Minimalist,Creative,Workspace,Stone,Minimalist
Bold,Modern,Calm,Living Room,Stone,Minimalist
Earthy,Vintage,Cozy,Balcony,Stone,Boho
Earthy,Rustic,Cozy,Bedroom,Fabric,Boho
Monochrome,Modern,Cozy,Workspace,Stone,Boho
Pastel,Modern,Cozy,Living Room,Glass,Boho
Bold,Modern,Cozy,Kitchen,Wood,Rustic
Earthy,Minimalist,Energetic,Living Room,Glass,Boho
Pastel,Rustic,Cozy,Bedroom,Fabric,Shabby Chic
Monochrome,Industrial,Energetic,Workspace,Metal,Minimalist
Monochrome,Minimalist,Creative,Workspace,Fabric,Minimalist
Pastel,Modern,Energetic,Living Room,Stone,Minimalist
Monochrome,Modern,Energetic,Workspace,Fabric,Minimalist
White,Vintage,Calm,Kitchen,Fabric,Boho
White,Vintage,Energetic,Balcony,Metal,Boho
Bold,Minimalist,Energetic,Living Room,Metal,Minimalist
Earthy,Minimalist,Energetic,Bedroom,Fabric,Boho
Monochrome,Rustic,Cozy,Kitchen,Fabric,Rustic
Earthy,Vintage,Cozy,Balcony,Fabric,Boho
Bold,Rustic,Calm,Balcony,Metal,Minimalist
Pastel,Rustic,Calm,Workspace,Glass,Minimalist
Earthy,Rustic,Energetic,Workspace,Wood,Rustic
Bold,Vintage,Energetic,Balcony,Stone,Modern
Earthy,Rustic,Cozy,Living Room,Stone,Rustic
Pastel,Minimalist,Creative,Kitchen,Wood,Minimalist
White,Vintage,Luxurious,Kitchen,Stone,Boho
Monochrome,Modern,Luxurious,Bedroom,Metal,Boho
Bold,Vintage,Energetic,Living Room,Metal,Modern
Bold,Modern,Energetic,Living Room,Metal,Urban
White,Industrial,Energetic,Living Room,Stone,Minimalist
Bold,Industrial,Creative,Balcony,Metal,Industrial Chic
Monochrome,Modern,Creative,Bedroom,Metal,Boho
Pastel,Rustic,Luxurious,Bedroom,Metal,Boho
Bold,Vintage,Luxurious,Bedroom,Fabric,Glam
White,Rustic,Energetic,Bedroom,Fabric,Boho
Monochrome,Industrial,Calm,Living Room,Glass,Minimalist
Pastel,Rustic,Creative,Balcony,Glass,Minimalist
Monochrome,Modern,Energetic,Bedroom,Fabric,Boho
Bold,Industrial,Creative,Workspace,Metal,Contemporary
Pastel,Modern,Luxurious,Living Room,Fabric,Minimalist
Bold,Industrial,Cozy,Balcony,Wood,Rustic
Earthy,Rustic,Cozy,Living Room,Stone,Rustic
Earthy,Industrial,Energetic,Balcony,Fabric,Boho
Earthy,Rustic,Cozy,Kitchen,Wood,Farmhouse
Bold,Modern,Energetic,Living Room,Metal,Urban
Bold,Industrial,Creative,Balcony,Metal,Industrial Chic
Monochrome,Vintage,Creative,Balcony,Fabric,Boho
White,Industrial,Energetic,Workspace,Wood,Minimalist
Monochrome,Industrial,Calm,Living Room,Wood,Minimalist
Pastel,Industrial,Creative,Bedroom,Fabric,Contemporary
Pastel,Minimalist,Energetic,Balcony,Glass,Minimalist
Monochrome,Rustic,Calm,Balcony,Fabric,Minimalist
Pastel,Modern,Creative,Bedroom,Stone,Boho
Bold,Vintage,Energetic,Balcony,Metal,Modern
Pastel,Modern,Cozy,Living Room,Fabric,Boho
Bold,Industrial,Luxurious,Workspace,Fabric,Glam
White,Modern,Energetic,Living Room,Glass,Minimalist
White,Vintage,Creative,Workspace,Metal,Boho
Bold,Minimalist,Energetic,Living Room,Metal,Minimalist
Monochrome,Minimalist,Luxurious,Workspace,Glass,Luxury Minimalist
Monochrome,Vintage,Energetic,Living Room,Stone,Boho
Earthy,Industrial,Luxurious,Living Room,Glass,Boho
White,Modern,Creative,Workspace,Glass,Minimalist
White,Rustic,Luxurious,Workspace,Fabric,Minimalist
Earthy,Industrial,Luxurious,Workspace,Stone,Boho
Earthy,Vintage,Luxurious,Kitchen,Wood,Boho
White,Modern,Calm,Kitchen,Metal,Minimalist
White,Industrial,Calm,Kitchen,Fabric,Minimalist
Monochrome,Rustic,Calm,Kitchen,Glass,Minimalist
White,Vintage,Energetic,Living Room,Stone,Boho
White,Industrial,Creative,Bedroom,Wood,Contemporary
Monochrome,Industrial,Calm,Bedroom,Wood,Minimalist
Monochrome,Industrial,Cozy,Living Room,Metal,Boho
Bold,Industrial,Creative,Workspace,Metal,Contemporary
Pastel,Modern,Luxurious,Workspace,Metal,Minimalist
Earthy,Rustic,Cozy,Balcony,Wood,Boho
Monochrome,Industrial,Creative,Kitchen,Glass,Industrial
Earthy,Vintage,Cozy,Balcony,Fabric,Boho
White,Modern,Calm,Living Room,Glass,Minimalist
Bold,Modern,Energetic,Bedroom,Glass,Urban
Bold,Industrial,Calm,Balcony,Fabric,Industrial Chic
Earthy,Industrial,Cozy,Workspace,Fabric,Boho
Bold,Modern,Energetic,Living Room,Metal,Urban
Bold,Modern,Energetic,Living Room,Metal,Urban
Monochrome,Rustic,Luxurious,Balcony,Stone,Minimalist
Pastel,Vintage,Luxurious,Workspace,Fabric,Boho
Monochrome,Minimalist,Luxurious,Workspace,Glass,Luxury Minimalist
Earthy,Minimalist,Calm,Living Room,Stone,Boho
Monochrome,Vintage,Calm,Balcony,Metal,Boho
White,Vintage,Energetic,Bedroom,Stone,Boho
Monochrome,Vintage,Luxurious,Balcony,Fabric,Boho
White,Modern,Calm,Kitchen,Stone,Clean Modern
Pastel,Minimalist,Calm,Balcony,Glass,Modern Minimalist
Monochrome,Modern,Cozy,Balcony,Glass,Boho
Pastel,Vintage,Luxurious,Living Room,Stone,Boho
Earthy,Vintage,Cozy,Workspace,Wood,Boho
Earthy,Vintage,Cozy,Balcony,Wood,Boho
Earthy,Minimalist,Creative,Balcony,Glass,Boho
Bold,Vintage,Energetic,Bedroom,Glass,Modern
Pastel,Minimalist,Cozy,Workspace,Metal,Boho
Pastel,Minimalist,Luxurious,Bedroom,Fabric,Scandinavian
Bold,Industrial,Creative,Workspace,Metal,Contemporary
White,Rustic,Luxurious,Balcony,Glass,Minimalist
Earthy,Vintage,Cozy,Kitchen,Glass,Boho
Pastel,Rustic,Creative,Bedroom,Metal,Boho
Earthy,Industrial,Energetic,Bedroom,Metal,Boho
Bold,Rustic,Luxurious,Bedroom,Glass,Glam
Monochrome,Rustic,Luxurious,Balcony,Metal,Minimalist
Bold,Industrial,Calm,Workspace,Stone,Minimalist
Bold,Vintage,Calm,Kitchen,Stone,Boho
Earthy,Minimalist,Cozy,Kitchen,Stone,Boho
Pastel,Modern,Luxurious,Balcony,Glass,Minimalist
Bold,Industrial,Creative,Balcony,Fabric,Contemporary
Bold,Industrial,Creative,Workspace,Metal,Contemporary
Bold,Industrial,Creative,Workspace,Metal,Contemporary
Pastel,Industrial,Calm,Bedroom,Glass,Boho
Monochrome,Modern,Cozy,Workspace,Fabric,Boho
Earthy,Rustic,Cozy,Kitchen,Glass,Boho
Earthy,Industrial,Luxurious,Balcony,Wood,Rustic
Bold,Rustic,Creative,Workspace,Metal,Minimalist
Pastel,Industrial,Calm,Balcony,Stone,Minimalist
Pastel,Vintage,Cozy,Bedroom,Fabric,Boho
Earthy,Vintage,Luxurious,Bedroom,Glass,Boho
White,Rustic,Energetic,Living Room,Glass,Minimalist
Pastel,Rustic,Energetic,Kitchen,Wood,Minimalist
Bold,Industrial,Creative,Workspace,Metal,Contemporary
White,Modern,Cozy,Kitchen,Glass,Clean Modern
White,Modern,Calm,Kitchen,Metal,Minimalist
Monochrome,Rustic,Energetic,Workspace,Stone,Minimalist
White,Rustic,Creative,Living Room,Fabric,Minimalist
Bold,Rustic,Cozy,Kitchen,Fabric,Rustic
Earthy,Modern,Calm,Workspace,Metal,Boho
White,Industrial,Luxurious,Living Room,Wood,Minimalist
White,Rustic,Creative,Kitchen,Fabric,Minimalist
Pastel,Minimalist,Energetic,Living Room,Glass,Minimalist
Earthy,Minimalist,Luxurious,Balcony,Wood,Rustic
Pastel,Rustic,Calm,Kitchen,Metal,Minimalist
Bold,Rustic,Creative,Workspace,Metal,Minimalist
Bold,Minimalist,Energetic,Workspace,Glass,Minimalist
Monochrome,Modern,Luxurious,Bedroom,Glass,Boho
Earthy,Industrial,Calm,Living Room,Wood,Rustic
Bold,Modern,Creative,Living Room,Metal,Minimalist
White,Modern,Calm,Kitchen,Stone,Minimalist
Pastel,Minimalist,Calm,Balcony,Glass,Modern Minimalist
White,Minimalist,Calm,Bedroom,Stone,Boho
Earthy,Vintage,Energetic,Balcony,Stone,Boho
Monochrome,Vintage,Creative,Balcony,Stone,Boho
Bold,Minimalist,Luxurious,Balcony,Glass,Glam
White,Modern,Energetic,Workspace,Metal,Minimalist
Earthy,Industrial,Cozy,Bedroom,Wood,Boho
Bold,Vintage,Luxurious,Bedroom,Fabric,Glam
Monochrome,Industrial,Creative,Kitchen,Glass,Industrial
Pastel,Modern,Calm,Workspace,Fabric,Minimalist
Pastel,Vintage,Luxurious,Kitchen,Glass,Boho
Bold,Vintage,Energetic,Living Room,Metal,Modern
Earthy,Rustic,Cozy,Kitchen,Wood,Farmhouse
Bold,Modern,Energetic,Living Room,Metal,Urban
Monochrome,Rustic,Luxurious,Living Room,Wood,Minimalist
Earthy,Rustic,Calm,Bedroom,Wood,Boho
Pastel,Minimalist,Calm,Balcony,Glass,Modern Minimalist
Earthy,Rustic,Cozy,Balcony,Metal,Boho
White,Minimalist,Luxurious,Bedroom,Glass,Boho
Earthy,Minimalist,Calm,Bedroom,Stone,Boho
Monochrome,Minimalist,Luxurious,Workspace,Glass,Luxury Minimalist
Pastel,Rustic,Creative,Living Room,Wood,Minimalist
White,Vintage,Creative,Living Room,Glass,Boho
Earthy,Rustic,Cozy,Balcony,Wood,Boho
Bold,Industrial,Creative,Workspace,Metal,Contemporary
Pastel,Vintage,Cozy,Workspace,Wood,Boho
Bold,Industrial,Energetic,Balcony,Wood,Industrial Chic
Pastel,Minimalist,Luxurious,Bedroom,Fabric,Scandinavian
Pastel,Vintage,Luxurious,Balcony,Glass,Boho
Monochrome,Modern,Calm,Workspace,Stone,Minimalist
Monochrome,Industrial,Creative,Kitchen,Glass,Industrial
Bold,Vintage,Luxurious,Bedroom,Fabric,Glam
White,Industrial,Cozy,Kitchen,Metal,Boho
Earthy,Vintage,Creative,Bedroom,Metal,Boho
Monochrome,Modern,Cozy,Workspace,Stone,Boho
Bold,Industrial,Energetic,Workspace,Wood,Minimalist
White,Modern,Calm,Kitchen,Stone,Clean Modern
Earthy,Modern,Cozy,Workspace,Stone,Boho
Pastel,Modern,Creative,Balcony,Metal,Minimalist
White,Modern,Calm,Bedroom,Stone,Minimalist
Pastel,Minimalist,Cozy,Workspace,Wood,Rustic
Monochrome,Rustic,Energetic,Bedroom,Glass,Boho
Bold,Industrial,Energetic,Kitchen,Metal,Minimalist
Monochrome,Rustic,Cozy,Living Room,Fabric,Rustic
Bold,Industrial,Creative,Balcony,Wood,Contemporary
Earthy,Rustic,Cozy,Kitchen,Wood,Farmhouse
White,Modern,Calm,Balcony,Fabric,Minimalist
Pastel,Rustic,Calm,Living Room,Stone,Minimalist
Bold,Minimalist,Creative,Balcony,Stone,Minimalist
Earthy,Rustic,Cozy,Bedroom,Fabric,Boho
Pastel,Vintage,Calm,Bedroom,Stone,Boho
White,Modern,Creative,Kitchen,Glass,Clean Modern
Earthy,Industrial,Calm,Balcony,Metal,Boho
White,Modern,Luxurious,Bedroom,Wood,Minimalist
Earthy,Vintage,Calm,Bedroom,Glass,Boho
White,Rustic,Energetic,Balcony,Glass,Minimalist
Earthy,Rustic,Cozy,Living Room,Stone,Rustic
White,Vintage,Calm,Living Room,Metal,Boho
Earthy,Industrial,Cozy,Kitchen,Glass,Boho
Monochrome,Minimalist,Energetic,Balcony,Stone,Minimalist
Pastel,Rustic,Cozy,Bedroom,Fabric,Shabby Chic
Earthy,Vintage,Creative,Living Room,Fabric,Boho
White,Minimalist,Cozy,Kitchen,Metal,Boho
Monochrome,Minimalist,Luxurious,Bedroom,Metal,Luxury Minimalist
White,Minimalist,Cozy,Kitchen,Fabric,Boho
Pastel,Rustic,Energetic,Kitchen,Fabric,Minimalist
Bold,Industrial,Cozy,Balcony,Stone,Industrial Chic
White,Vintage,Calm,Bedroom,Metal,Boho
Pastel,Minimalist,Creative,Living Room,Fabric,Minimalist
Bold,Industrial,Luxurious,Bedroom,Metal,Glam
Earthy,Rustic,Cozy,Balcony,Wood,Boho
Monochrome,Industrial,Creative,Kitchen,Glass,Industrial
Bold,Industrial,Creative,Balcony,Metal,Industrial Chic
White,Rustic,Cozy,Workspace,Stone,Rustic
White,Modern,Calm,Kitchen,Stone,Clean Modern
White,Modern,Calm,Kitchen,Stone,Clean Modern
Bold,Minimalist,Creative,Balcony,Glass,Minimalist
Monochrome,Minimalist,Luxurious,Workspace,Glass,Luxury Minimalist
Monochrome,Industrial,Creative,Balcony,Glass,Industrial
White,Rustic,Energetic,Bedroom,Glass,Boho
Monochrome,Vintage,Creative,Living Room,Wood,Minimalist
Bold,Minimalist,Creative,Bedroom,Metal,Boho
White,Rustic,Luxurious,Workspace,Metal,Minimalist
Pastel,Vintage,Cozy,Kitchen,Metal,Boho
Pastel,Minimalist,Luxurious,Bedroom,Fabric,Scandinavian
Bold,Industrial,Creative,Balcony,Metal,Industrial Chic
Monochrome,Minimalist,Calm,Living Room,Glass,Minimalist
Earthy,Rustic,Cozy,Living Room,Stone,Rustic
Pastel,Industrial,Luxurious,Kitchen,Wood,Minimalist
Pastel,Vintage,Cozy,Bedroom,Fabric,Boho
Monochrome,Modern,Cozy,Bedroom,Wood,Boho
Pastel,Rustic,Calm,Living Room,Wood,Minimalist
Bold,Vintage,Luxurious,Bedroom,Fabric,Glam
Monochrome,Industrial,Creative,Workspace,Wood,Industrial
Pastel,Rustic,Creative,Living Room,Glass,Minimalist
Pastel,Minimalist,Calm,Balcony,Glass,Modern Minimalist
Earthy,Rustic,Cozy,Living Room,Stone,Rustic
Bold,Rustic,Energetic,Bedroom,Stone,Boho
Monochrome,Minimalist,Luxurious,Balcony,Stone,Luxury Minimalist
Bold,Rustic,Creative,Kitchen,Wood,Minimalist
Pastel,Vintage,Energetic,Kitchen,Wood,Minimalist
Monochrome,Minimalist,Cozy,Workspace,Wood,Rustic
Pastel,Industrial,Cozy,Balcony,Metal,Boho
Pastel,Minimalist,Luxurious,Kitchen,Stone,Scandinavian
White,Modern,Calm,Balcony,Fabric,Minimalist
Monochrome,Industrial,Cozy,Bedroom,Metal,Boho
White,Industrial,Creative,Bedroom,Glass,Contemporary
Pastel,Minimalist,Luxurious,Bedroom,Fabric,Scandinavian
White,Modern,Energetic,Workspace,Wood,Minimalist
White,Vintage,Cozy,Living Room,Metal,Boho
Bold,Vintage,Creative,Living Room,Wood,Minimalist
Monochrome,Industrial,Creative,Kitchen,Glass,Industrial
Monochrome,Minimalist,Luxurious,Workspace,Glass,Luxury Minimalist
Pastel,Industrial,Calm,Kitchen,Stone,Minimalist
Earthy,Rustic,Cozy,Kitchen,Wood,Farmhouse
Pastel,Minimalist,Calm,Balcony,Glass,Modern Minimalist
Bold,Modern,Calm,Kitchen,Stone,Minimalist
Bold,Industrial,Creative,Workspace,Metal,Contemporary
Earthy,Vintage,Energetic,Workspace,Stone,Boho
Earthy,Minimalist,Creative,Workspace,Metal,Boho
Earthy,Rustic,Cozy,Balcony,Stone,Boho
Earthy,Rustic,Cozy,Kitchen,Wood,Farmhouse
Bold,Vintage,Energetic,Kitchen,Metal,Modern
Pastel,Rustic,Cozy,Bedroom,Fabric,Shabby Chic
Pastel,Rustic,Cozy,Bedroom,Fabric,Shabby Chic
White,Minimalist,Energetic,Living Room,Stone,Minimalist
Bold,Industrial,Creative,Balcony,Metal,Industrial Chic
Pastel,Minimalist,Cozy,Kitchen,Glass,Boho
Monochrome,Modern,Luxurious,Living Room,Metal,Minimalist
Monochrome,Minimalist,Luxurious,Workspace,Glass,Luxury Minimalist
Bold,Minimalist,Cozy,Workspace,Fabric,Boho
White,Modern,Creative,Workspace,Glass,Minimalist
Monochrome,Industrial,Cozy,Balcony,Glass,Boho
Pastel,Vintage,Creative,Kitchen,Glass,Boho
Bold,Minimalist,Luxurious,Living Room,Metal,Glam
Monochrome,Industrial,Creative,Kitchen,Glass,Industrial
White,Industrial,Cozy,Kitchen,Wood,Rustic
Bold,Vintage,Energetic,Living Room,Metal,Modern
Bold,Minimalist,Calm,Workspace,Stone,Minimalist
Earthy,Rustic,Cozy,Balcony,Fabric,Boho
White,Industrial,Energetic,Balcony,Glass,Minimalist
Bold,Minimalist,Cozy,Kitchen,Glass,Boho
Monochrome,Modern,Creative,Living Room,Metal,Minimalist
White,Modern,Calm,Kitchen,Wood,Minimalist
Bold,Vintage,Cozy,Workspace,Metal,Boho
Monochrome,Minimalist,Luxurious,Workspace,Glass,Luxury Minimalist
White,Vintage,Cozy,Workspace,Wood,Boho
Monochrome,Industrial,Creative,Kitchen,Glass,Industrial
Earthy,Rustic,Cozy,Living Room,Stone,Rustic
Monochrome,Industrial,Creative,Bedroom,Metal,Industrial
Earthy,Vintage,Cozy,Kitchen,Wood,Boho
Monochrome,Modern,Calm,Bedroom,Wood,Minimalist
Earthy,Vintage,Creative,Balcony,Stone,Boho
White,Modern,Calm,Kitchen,Stone,Clean Modern
White,Vintage,Luxurious,Balcony,Fabric,Boho
Bold,Vintage,Luxurious,Bedroom,Fabric,Glam
Monochrome,Industrial,Creative,Kitchen,Glass,Industrial
Pastel,Minimalist,Luxurious,Bedroom,Fabric,Scandinavian
Monochrome,Modern,Luxurious,Balcony,Stone,Minimalist
Pastel,Minimalist,Calm,Balcony,Glass,Modern Minimalist
Pastel,Minimalist,Creative,Kitchen,Stone,Minimalist
Pastel,Vintage,Luxurious,Workspace,Fabric,Boho
Bold,Vintage,Energetic,Balcony,Metal,Modern
Bold,Vintage,Luxurious,Bedroom,Fabric,Glam
White,Minimalist,Cozy,Balcony,Metal,Boho
Bold,Vintage,Luxurious,Bedroom,Fabric,Glam
Earthy,Rustic,Luxurious,Bedroom,Metal,Boho
Bold,Modern,Creative,Kitchen,Stone,Minimalist
Bold,Industrial,Creative,Bedroom,Fabric,Contemporary
Monochrome,Vintage,Cozy,Workspace,Fabric,Boho
White,Rustic,Energetic,Living Room,Fabric,Minimalist
White,Modern,Calm,Kitchen,Stone,Clean Modern
Monochrome,Vintage,Creative,Bedroom,Stone,Boho
White,Rustic,Luxurious,Bedroom,Wood,Minimalist
Pastel,Rustic,Creative,Kitchen,Metal,Minimalist
Earthy,Vintage,Calm,Kitchen,Fabric,Boho
Monochrome,Rustic,Luxurious,Bedroom,Fabric,Boho
Pastel,Minimalist,Luxurious,Bedroom,Fabric,Scandinavian
Earthy,Vintage,Calm,Bedroom,Fabric,Boho
White,Vintage,Energetic,Kitchen,Wood,Minimalist
Monochrome,Minimalist,Cozy,Balcony,Metal,Boho
Monochrome,Minimalist,Luxurious,Balcony,Metal,Luxury Minimalist
Pastel,Rustic,Cozy,Bedroom,Fabric,Shabby Chic
White,Modern,Calm,Kitchen,Stone,Clean Modern
Bold,Industrial,Creative,Balcony,Metal,Industrial Chic
Bold,Industrial,Creative,Workspace,Metal,Contemporary
Bold,Vintage,Luxurious,Bedroom,Fabric,Glam
Earthy,Modern,Calm,Balcony,Stone,Boho
Bold,Vintage,Luxurious,Kitchen,Fabric,Glam
Pastel,Rustic,Cozy,Bedroom,Fabric,Shabby Chic
White,Rustic,Energetic,Bedroom,Metal,Boho
White,Minimalist,Energetic,Balcony,Glass,Minimalist
Earthy,Vintage,Cozy,Bedroom,Fabric,Boho
White,Minimalist,Luxurious,Workspace,Wood,Minimalist
Bold,Modern,Luxurious,Kitchen,Stone,Glam
Pastel,Rustic,Creative,Bedroom,Metal,Boho
Bold,Rustic,Creative,Bedroom,Stone,Boho
Monochrome,Rustic,Calm,Kitchen,Metal,Minimalist
White,Modern,Calm,Workspace,Wood,Minimalist
Bold,Modern,Energetic,Living Room,Metal,Urban
Pastel,Industrial,Calm,Balcony,Glass,Minimalist
Earthy,Vintage,Luxurious,Living Room,Metal,Boho
White,Modern,Cozy,Balcony,Stone,Boho
Bold,Modern,Luxurious,Bedroom,Glass,Glam
Earthy,Rustic,Cozy,Living Room,Stone,Rustic
Bold,Modern,Creative,Living Room,Glass,Minimalist
Bold,Modern,Creative,Workspace,Fabric,Minimalist
White,Modern,Cozy,Balcony,Glass,Boho
Earthy,Rustic,Cozy,Kitchen,Wood,Farmhouse
Bold,Vintage,Energetic,Bedroom,Metal,Modern
Bold,Vintage,Luxurious,Bedroom,Glass,Glam
White,Minimalist,Calm,Balcony,Stone,Minimalist
White,Rustic,Energetic,Living Room,Metal,Minimalist
Earthy,Rustic,Energetic,Living Room,Fabric,Boho
Pastel,Minimalist,Calm,Balcony,Glass,Modern Minimalist
Earthy,Vintage,Calm,Kitchen,Wood,Boho
Earthy,Modern,Creative,Kitchen,Fabric,Boho
White,Vintage,Energetic,Bedroom,Glass,Boho
White,Vintage,Cozy,Living Room,Metal,Boho
Monochrome,Minimalist,Creative,Bedroom,Glass,Boho
Monochrome,Rustic,Cozy,Balcony,Glass,Rustic
Pastel,Modern,Energetic,Bedroom,Wood,Minimalist
Pastel,Minimalist,Luxurious,Bedroom,Fabric,Scandinavian
Earthy,Minimalist,Creative,Balcony,Metal,Boho
Pastel,Minimalist,Calm,Balcony,Glass,Modern Minimalist
White,Industrial,Creative,Living Room,Glass,Contemporary
Pastel,Minimalist,Calm,Balcony,Glass,Modern Minimalist
Earthy,Rustic,Cozy,Living Room,Stone,Rustic
Pastel,Modern,Creative,Bedroom,Stone,Boho
Bold,Industrial,Creative,Workspace,Metal,Contemporary
White,Rustic,Luxurious,Balcony,Fabric,Minimalist
Pastel,Rustic,Luxurious,Kitchen,Glass,Minimalist
Pastel,Rustic,Cozy,Bedroom,Fabric,Shabby Chic
Earthy,Vintage,Cozy,Workspace,Wood,Boho
Pastel,Minimalist,Creative,Workspace,Wood,Minimalist
White,Modern,Calm,Kitchen,Stone,Clean Modern
Pastel,Minimalist,Luxurious,Bedroom,Fabric,Scandinavian
White,Modern,Calm,Workspace,Fabric,Minimalist
Monochrome,Industrial,Cozy,Living Room,Metal,Boho
Bold,Vintage,Luxurious,Workspace,Glass,Glam
Bold,Rustic,Cozy,Kitchen,Stone,Rustic
White,Rustic,Energetic,Balcony,Wood,Minimalist
Pastel,Modern,Calm,Balcony,Fabric,Minimalist
Pastel,Industrial,Energetic,Workspace,Stone,Minimalist
Earthy,Rustic,Cozy,Balcony,Wood,Boho
Bold,Rustic,Calm,Workspace,Glass,Minimalist
Earthy,Rustic,Creative,Bedroom,Glass,Boho
Monochrome,Minimalist,Luxurious,Workspace,Glass,Luxury Minimalist
White,Minimalist,Calm,Living Room,Glass,Minimalist
White,Minimalist,Cozy,Bedroom,Metal,Boho
Monochrome,Industrial,Cozy,Kitchen,Fabric,Boho
White,Vintage,Energetic,Workspace,Glass,Boho
Monochrome,Industrial,Creative,Kitchen,Glass,Industrial
White,Modern,Calm,Balcony,Wood,Minimalist
Bold,Minimalist,Luxurious,Kitchen,Metal,Glam
Pastel,Modern,Luxurious,Living Room,Stone,Minimalist
Monochrome,Minimalist,Energetic,Kitchen,Glass,Minimalist
Pastel,Industrial,Calm,Workspace,Fabric,Minimalist
Earthy,Rustic,Cozy,Kitchen,Wood,Farmhouse
Bold,Modern,Energetic,Living Room,Metal,Urban
Bold,Modern,Energetic,Living Room,Metal,Urban
Monochrome,Minimalist,Luxurious,Workspace,Glass,Luxury Minimalist
Pastel,Industrial,Energetic,Bedroom,Fabric,Boho
Monochrome,Industrial,Calm,Living Room,Wood,Minimalist
Earthy,Minimalist,Luxurious,Bedroom,Fabric,Boho
Earthy,Rustic,Cozy,Kitchen,Wood,Farmhouse
Bold,Modern,Energetic,Living Room,Metal,Urban
Pastel,Rustic,Energetic,Balcony,Wood,Minimalist
Bold,Minimalist,Cozy,Workspace,Wood,Rustic
Earthy,Rustic,Energetic,Workspace,Fabric,Boho
Monochrome,Industrial,Creative,Balcony,Stone,Industrial
Earthy,Vintage,Luxurious,Workspace,Stone,Boho
Pastel,Industrial,Creative,Workspace,Metal,Contemporary
Bold,Industrial,Creative,Balcony,Metal,Industrial Chic
White,Modern,Cozy,Living Room,Stone,Boho
Pastel,Minimalist,Luxurious,Kitchen,Fabric,Scandinavian
Earthy,Rustic,Cozy,Kitchen,Wood,Farmhouse
Monochrome,Modern,Cozy,Living Room,Wood,Rustic
Earthy,Rustic,Energetic,Workspace,Stone,Boho
Bold,Vintage,Energetic,Balcony,Metal,Modern
Monochrome,Rustic,Energetic,Living Room,Metal,Minimalist
Bold,Vintage,Luxurious,Bedroom,Fabric,Glam
Pastel,Industrial,Creative,Balcony,Fabric,Contemporary
Bold,Vintage,Energetic,Kitchen,Metal,Modern
Pastel,Minimalist,Luxurious,Balcony,Fabric,Scandinavian
Earthy,Minimalist,Creative,Balcony,Fabric,Boho
Monochrome,Industrial,Creative,Kitchen,Glass,Industrial
Bold,Vintage,Cozy,Kitchen,Wood,Boho
Pastel,Rustic,Cozy,Bedroom,Fabric,Shabby Chic
Bold,Rustic,Cozy,Living Room,Fabric,Rustic
Earthy,Modern,Calm,Balcony,Metal,Boho
Pastel,Rustic,Cozy,Bedroom,Fabric,Shabby Chic
Bold,Industrial,Creative,Balcony,Metal,Industrial Chic
White,Modern,Calm,Living Room,Stone,Minimalist
Bold,Vintage,Energetic,Living Room,Metal,Modern
White,Modern,Energetic,Living Room,Glass,Minimalist
Pastel,Minimalist,Calm,Bedroom,Fabric,Modern Minimalist
White,Rustic,Cozy,Bedroom,Fabric,Rustic
Monochrome,Industrial,Calm,Living Room,Wood,Minimalist
Monochrome,Rustic,Cozy,Living Room,Fabric,Rustic
Earthy,Rustic,Cozy,Living Room,Stone,Rustic
Bold,Modern,Creative,Bedroom,Fabric,Boho
Pastel,Vintage,Creative,Living Room,Metal,Boho
Earthy,Rustic,Cozy,Balcony,Stone,Boho
Pastel,Minimalist,Luxurious,Bedroom,Fabric,Scandinavian
